cat,crab,seagull,squirrel,rubber duck,dishware,plate of food,bath towel,garden fence,grocery shelves,shopping cart,tree
0.019636344,0.01890839,0.0012848811,0.013806577,0.010762414,-0.0319292,-0.014591405,-0.017271258,0.0026536342,0.0030902757,-0.0023358485,0.01582946
-0.0031236983,-0.024928663,-0.002677596,-0.01310374,0.007831864,-0.0011076888,-0.001709549,0.0022446583,0.010530126,-0.011484565,-0.0477088,0.023713725
-0.0059025916,0.0154807,-0.005308741,-0.016046125,0.0024074663,-0.018116351,0.011004554,-0.037528668,-0.020553794,-0.003480559,0.01387295,-0.0076649194
-0.003775321,-0.028967107,-0.014545949,-0.029161777,0.019861197,-0.011302474,0.042627398,0.019517599,-0.024127144,0.00608458,0.008604261,-0.013696931
-0.02323634,0.002706318,-0.00988753,-0.02468268,0.011651817,0.030587249,-0.012663778,-0.012536459,0.0020768335,-0.008503057,-0.0049149157,-0.002389956
0.021097383,-0.013660908,0.016457096,0.043885615,-0.061375193,0.019099677,-0.0048770183,-0.019490696,0.012155016,0.014421287,0.031182552,-0.01686526
-0.032703865,-0.008550531,-0.052158378,-0.027684629,-0.013206672,0.012424624,-0.011687764,0.0319599,0.0053072684,0.00065780326,0.026204461,-0.013916276
0.011968819,-0.11417328,-0.11934049,-0.11007141,-0.121214725,-0.11762903,-0.108727925,-0.10863137,-0.085535295,-0.06904815,-0.08581519,-0.112890005
-0.03478438,-0.0006333439,-0.04910585,-0.033450276,-0.04479007,-0.009937385,0.006642993,-0.02473664,-0.013111661,-0.0044594663,0.0008149411,-0.009901029
0.027233738,0.015555486,0.030976502,0.03104395,0.029356692,0.024455916,-0.0021030046,0.044953696,-0.029796671,0.026193766,-0.0006795124,0.0119543495
0.00060304324,0.026200026,0.02300012,-4.3694643e-05,0.006097848,-0.014958137,0.006886997,-0.05119502,-0.008033003,0.00772249,0.018509902,-0.013526329
-0.04647268,-0.0056120655,-0.018540777,-0.009124968,0.01168381,0.007033679,-0.015164813,-0.025530256,-0.023550343,0.009008505,-0.0009452369,0.024103673
0.023458418,-0.019095356,0.007326062,-0.016999124,-0.033835698,-0.0041039432,-0.019654475,0.016881175,-0.038631566,-0.008247133,0.015831336,-0.026297132
-0.007199993,0.013424085,0.03211788,-0.02195472,-0.024468176,-0.04446951,-0.020240083,-0.024602128,-0.024703944,0.0066540097,-0.0046811732,-0.009980237
0.03335841,-0.017125992,0.007418965,0.018500099,-0.0077102906,0.010567871,0.009235529,0.0026666876,0.012316802,0.020345915,0.012457859,0.015025192
0.042381775,0.025676524,0.0080626495,0.024920931,0.0054835845,0.02554336,0.00572493,0.041025963,0.029402759,0.03588047,0.066711456,0.038263667
0.016386997,0.041954942,0.019230913,0.02692223,0.020462664,0.029083338,0.04921549,0.012993798,0.027587947,0.024990926,0.018939482,0.016743401
-0.020781798,-0.0003412111,0.015926221,0.0053784894,0.01497268,0.014414415,0.006191587,0.027265452,-0.0013716598,0.005278421,-0.013203309,0.02293383
-0.007638304,0.002329272,-0.024035323,0.010727198,0.01908057,0.00080184516,-0.029378012,-0.025247782,-0.024633603,-0.028202765,-0.06453828,-0.039043564
0.007544798,-0.014807627,-0.042974256,-0.010828454,-0.0063569904,-0.0007327954,0.022460515,0.046971366,-0.018148115,0.019795679,0.002954951,-0.010266605
0.039296065,0.005848888,0.053777542,0.062326152,0.0077550807,-0.01987477,-0.020898893,-0.038873784,0.075124756,0.01658384,0.023702782,0.048280463
0.02936101,-0.02322105,0.023769885,-0.04686374,0.016623514,0.004430755,0.0355757,-0.026969528,0.024788354,0.0141397705,-0.022489846,-0.02204426
0.02385582,-0.0065500066,-0.001257508,0.009970754,-0.018376727,0.0037858083,-0.009564934,0.029162062,-0.0101221455,0.011132671,0.0074355477,0.02751572
0.009718821,0.024367768,0.045787886,0.025468905,0.07688536,0.0139169665,-0.0004861006,0.026337324,-0.03978517,-0.017901845,-0.05058952,0.0119726285
-0.018783098,-0.01096238,-0.055794865,-0.035642173,-0.06024904,-0.0014453458,0.015604019,0.018629823,-0.015840912,-0.024351116,-0.009469741,-0.009651219
0.034971394,0.012308528,0.045336645,0.030638926,-0.03444996,-0.0074154413,-0.013627592,0.023647096,-0.03548027,0.0104352785,0.026861468,0.03994532
0.03375581,-0.008706336,0.02938388,0.0019164219,-0.005544371,-0.014298729,-0.026669575,-0.034085177,-0.03047195,0.0057518794,-0.013064327,0.0012795175
0.06049864,-0.0029727432,0.010458219,0.03218755,-0.014051285,-0.004786488,0.0071493005,0.026902271,0.050758447,-0.013333612,0.0017988718,0.014842404
-0.0006245935,-0.018359961,-0.03392285,-0.034546223,-0.0046389718,0.04208639,0.046067845,0.008945005,-0.019118827,-0.026308931,-0.026684582,-0.0043412205
0.00028873753,0.023482801,0.0278178,0.006117064,0.008311757,0.010105129,0.018288057,0.012334691,0.07416811,0.03994965,-0.0008575833,0.013441027
0.010770769,-0.022734942,0.044965032,0.038858544,0.008650882,-0.034266047,-0.011998869,-0.031421855,-0.013463369,0.0059566186,-0.030121231,0.00491091
-0.0011914761,0.006643489,0.0037758418,-0.041526943,0.033579756,-0.024479054,-0.012639377,-0.03930422,-0.025857545,-0.010889543,-0.0143151665,0.010187397
0.01643375,-0.019918002,-0.023676982,0.010506817,-0.048501246,-0.02915275,-0.019825278,0.055580094,0.0028927953,-0.01451086,0.005063374,-0.015378582
0.016807776,0.02183751,0.008049378,0.024492081,0.100432135,0.0020172661,-0.012395374,0.016598701,0.030078037,0.015675312,-0.015919778,0.026224017
-0.008725316,-0.013586122,0.008560345,0.014021002,0.011306293,-0.011047966,-0.063294485,-0.010431356,-0.03967262,-0.06746142,-0.034998246,-0.0057334574
0.01560388,-0.01746253,0.014041618,0.03256875,0.036702264,-0.016959496,-0.01916647,0.036398772,0.0434992,-0.024965333,-0.006273151,0.019521782
0.016761022,-0.003907568,-0.030684521,0.0038536908,0.0076143118,-0.0037973768,0.019605676,0.0066717635,-0.0030000661,0.01213717,-0.040052142,0.022592625
0.03081036,0.012140259,0.019337088,0.003323585,0.011223112,-0.0021170448,0.013749593,0.02415824,-0.02847425,-0.015739292,0.03029812,0.06166056
0.0346675,0.05038083,0.014877746,-0.0333788,-0.029331097,-0.009642387,-0.02703558,0.0016578524,-0.00093554234,0.03265583,0.009937227,-0.04162697
0.018455826,-0.0013009646,0.018182436,0.012841665,0.015036667,-0.0046505574,-0.00426396,0.035968337,0.026195185,-0.007325809,0.003544046,-0.0022650508
-0.00015925309,0.010264377,-0.025070528,-0.016582187,0.033375002,-0.0021980247,-0.010083442,-0.026310422,0.004473721,0.00608458,0.020291401,0.0052368827
-0.00183068,0.0017465645,0.0030973183,0.026683979,0.014447997,0.01153963,0.018214855,0.03421969,0.0043330383,-0.002036191,0.043412983,-0.0062087066
0.02234803,-0.01902057,-0.0018663541,0.019500747,0.020948956,0.016311657,0.025083551,-0.027655534,0.060099803,0.039821688,-0.0040620705,-0.03594835
0.026228545,-0.0050574024,0.02887955,0.019107636,-0.0031145096,-0.03271586,0.007997212,-0.010007645,-0.008799725,-0.03905392,-0.024915718,0.007116555
0.016702581,0.043749806,0.024937809,0.013353902,0.03414283,-0.009301115,0.023277927,-0.0065271636,0.051771365,0.033142086,0.02353853,0.044746555
0.022242835,0.020354254,0.012966599,0.013413465,0.027949004,-0.00044249708,-0.0012360299,0.02781695,-0.0054198145,-0.002965513,0.0163999,0.0068362798
-0.006399344,0.011417328,-0.0140018035,0.01683235,0.046760835,0.0017960175,0.038601343,-0.01172939,-0.0003881973,-0.008272726,0.017157983,-0.033925496
-0.022301277,-0.014845019,-0.020345747,-0.007129626,-0.041437212,0.002958657,0.01998388,-0.029646304,-0.01669908,-0.010838359,0.0041663074,0.030342845
-0.019472707,-0.024392698,-0.039231595,0.009964799,0.008650882,0.025520224,0.017336443,0.055849116,0.036380637,0.010422483,0.0017151666,0.006824094
-0.0026532442,0.04053401,0.007578227,0.017320761,0.02733474,-0.0100819925,0.01067515,-0.01012198,-0.00809631,-0.025861066,-0.016715767,0.017206464
0.00982986,-0.007621939,-0.034586444,0.025278306,0.009047594,0.005853687,-0.0041541583,0.03330501,-0.008581666,0.0237369,0.025042064,0.0012939883
0.0011030834,-0.0350497,-0.012024297,-0.037309922,-0.024980063,0.009318468,-0.021996908,-0.026835017,0.0077234996,-0.07780073,-0.04604101,-0.0012383902
0.02489608,0.024816485,-0.005998877,-0.008183882,-0.0016412361,-0.006894856,-0.00047885673,-0.011520898,0.045806404,0.020537857,0.010935372,0.009090668
0.00763246,-0.041107368,-0.039815556,-0.05212906,0.007627109,-0.021598484,-0.008149714,-0.017257808,0.016248893,-0.011222243,-0.033355728,-0.04189506
-0.00808246,0.03150983,0.020053767,0.000733735,0.00019275726,0.022720633,0.0212527,0.009032438,-0.030359404,-0.016238343,-0.027846979,-0.0063975877
-0.029711658,0.029989183,0.010046791,-0.022931544,0.00852291,0.0071435804,0.020813493,-0.02141421,0.006707065,0.016174363,-0.008522135,0.014086879
-5.8532816e-05,-0.009902911,-0.005663763,-0.004205109,0.010954372,-0.014414415,-0.0007575544,-3.052777e-05,-0.021468235,-0.031504177,0.0136202555,0.0114120785
0.029314257,0.035348844,0.028348675,0.041836668,-0.016713094,-0.007889751,0.0062891883,-0.008077407,-0.0049485266,0.0047793705,0.034012735,-0.012807362
0.0016611996,-0.039462075,-0.003749298,-0.0036779814,0.016162816,-0.025450813,-0.019739877,-0.00367216,-0.0415015,0.00996182,0.0007126786,0.017986361
-0.00880129,0.026798313,-0.0017668152,0.04390944,0.028665645,0.003994042,0.027645588,0.010142157,0.014912404,0.05172213,0.050564248,0.001742581
0.019168813,0.02016729,0.04063841,0.03161575,0.036292754,-0.031188814,0.008100914,0.029861521,0.01195806,-0.027562955,-0.00016484394,0.005020583
0.0011198852,-0.040932864,-0.00802947,-0.01262724,-0.036651075,-0.032553904,-0.019849679,0.024938406,-0.014602901,0.014971522,0.022489846,-0.02944109
-0.013009078,0.029939326,0.009296932,-0.026183655,-0.025223209,0.017618904,0.0019642275,-0.016679408,0.023592548,0.021919845,0.016703133,0.0037014615
0.012518169,0.0348752,0.005182658,-0.004083006,-0.0071920054,-0.029684901,-0.008247316,-0.0025977506,-0.008497257,-0.017134076,-0.030323388,-0.026589593
0.0040733726,0.009105194,0.004565517,0.003761369,-0.008196583,-0.014842451,-0.007637307,-0.047052074,-0.03714033,-0.026232153,-0.03780316,-0.00016317656
-0.032423344,-0.004695937,-0.03822293,0.013079915,0.011523846,0.00013900337,-0.028353198,0.017378867,-0.027953723,0.0013715897,0.010594234,-0.025907185
0.0073285643,-0.0076717963,0.0021765837,-0.010995229,-0.0069616567,0.032530766,0.0033641972,0.015858889,0.032357104,0.02122885,0.008541088,-0.027247632
0.017193489,0.04437302,0.02086335,0.002424192,0.032965492,-0.002981794,0.033184465,0.019867327,-0.023592548,0.0119580235,0.001937854,-0.015975691
-0.040651906,-0.014134552,-0.027631994,-0.014723838,-0.009092384,-0.03241508,-0.028206795,-0.02770934,-0.004051672,0.011945227,0.003929406,0.02529789
0.0062590847,-0.021762723,0.035674736,0.037190795,0.00712802,0.022547105,9.235911e-05,-0.005155148,-0.018485753,0.015432185,0.015376485,-0.031293344
0.007877914,0.015044449,-0.024141498,-0.017535187,-0.04632573,0.035307217,-0.002914316,0.02795146,0.027447265,0.008061589,0.018712057,0.022482952
-0.022231147,-0.06097551,-0.007956475,-0.011757628,-0.0022778949,-0.0014048559,-0.012474675,-0.008702885,-0.0110717565,-0.022150176,-0.035124592,-0.005727364
0.006270773,-0.01899564,-0.02179238,0.0132586025,-0.016725892,-0.005038104,-0.019861879,-0.004465777,0.006949743,0.03536862,0.027013086,-0.003808088
0.0033691525,0.0015759589,0.005073165,0.014688102,0.0031640986,-0.022466125,0.025303155,0.022355787,-0.015376658,-0.0064780624,-0.005053898,0.0331456
-0.014189596,-0.02856825,-0.0029131714,-0.012305603,-0.012861148,0.0044712448,-0.024839548,0.032740064,0.03311679,0.03698094,0.007056505,-0.052155573
-0.004570125,-0.011155577,0.021765836,-0.016034212,-0.02115371,0.028713142,0.026474372,0.007398125,-0.034889396,-0.0026983928,-0.034821358,-0.0070068818
0.029992178,0.009691018,0.026105732,-0.002622237,0.036958206,-0.006848582,0.0011818915,0.008992084,-0.0043049017,-0.0324255,0.0034176987,0.02204426
0.022663614,0.010781647,0.03102959,-0.012234128,0.016623514,0.0015805532,-0.014530404,-0.03053408,0.0010938108,-0.014357306,0.0054234643,0.024517994
-0.019122059,-0.0097907325,0.017518844,0.006188539,0.021499233,-0.003823406,0.032525655,-0.0065675173,-0.008293266,-0.027870065,-0.023677513,-0.028393105
0.0074279145,-0.014234267,-0.029649315,-0.01050086,-0.0095594805,0.001490897,-0.020776892,0.013989181,-0.05686409,0.008752582,0.012729506,-0.046428207
-0.00997012,-0.01314987,-0.033073455,0.04965126,0.022215875,0.000493471,-0.016189627,-0.032605555,-0.023029815,-0.01992364,-0.03507405,-0.007226228
-0.029267503,0.005864468,0.008089193,0.05093781,0.026438938,-0.01645048,0.016677635,0.020391922,-0.0046706772,0.0030470886,0.010682677,0.046696298
-0.037519444,-0.005300457,0.019443262,-0.027613154,0.0005606757,0.013118736,-0.0022890572,0.0071963575,0.008595735,-0.009750684,-0.0061657554,-0.026857683
0.055355787,0.02016729,0.028189413,0.03873942,0.025146425,0.012864228,0.005282674,0.0019756355,0.039475664,0.018528858,0.007125996,0.03109837
-0.0029542178,9.338511e-05,0.008507256,0.005971136,0.055539686,-0.04532558,-0.035234094,0.0027406688,0.008244027,0.01293693,-0.0026896214,-0.00064775575
-0.0011607943,-0.0061137546,-0.006599428,-0.015772138,-0.020820985,-0.009040822,0.026645174,0.013814316,-0.02241081,0.0054639657,-0.030146502,0.0027661952
0.006749993,-0.003262539,-0.02473873,0.009547861,0.014294431,-0.019909477,0.00783861,-0.0034838442,-0.04076995,0.014562044,0.0071133617,0.0012597155
-0.0178831,-0.031410117,-0.051786765,0.00051633205,-0.05738248,-0.0032044887,0.016397031,-0.0047583394,-0.00044974615,0.020589042,-0.00045169215,-0.022214862
0.001029301,-0.012271135,-0.054945465,-0.00042996646,-0.009757836,-0.017121455,0.02071589,-0.06661002,-0.012914704,-0.0057422826,-0.00055434945,0.02541975
0.021167511,-0.015318664,-0.012004389,-0.012698716,-0.059276458,0.040096596,0.022289712,-0.008252271,0.0068020257,0.009712295,0.0013929807,-0.0060533364
0.022336341,0.0066995784,-0.005567542,-0.029805051,0.012317269,-0.007814556,0.012663778,0.009193852,-0.008525393,0.016903745,0.0070438706,0.0261509
-0.011530508,-0.052998338,0.020239573,0.016081862,-0.013526601,-0.011065319,-0.025961965,0.0037226018,-0.022523357,-0.01277058,-0.0450555,-0.021130318
-0.11127262,-0.14727855,-0.14068162,-0.1400909,-0.15233743,-0.15316762,-0.12883382,-0.14462662,-0.12942842,-0.1347181,-0.14706843,-0.13521454
0.062275264,0.07483585,0.055794865,0.05222436,0.01763449,0.024085723,0.053924758,0.057732277,0.047635283,0.06459508,0.061152168,0.02722326
-0.007024668,0.0007833053,0.057334397,-0.0028977133,-0.002305089,-0.011823059,-0.016311629,0.014190949,-0.014145682,-2.5454887e-05,-0.026482426,-0.005763922
0.004643177,-0.01910782,-0.010597574,-0.013341989,-0.037777226,-0.011088456,0.025181154,0.04420043,0.014187886,-0.032323133,0.023892304,0.016974933
0.007205837,8.208931e-05,-0.0017535434,0.02635043,-0.00074103574,-0.026306884,-4.3558422e-05,-0.018562568,0.007498407,0.013794274,-0.0039104535,0.03563152
-0.01911037,-0.008270084,-0.043903284,0.00048208362,0.020501055,-0.004647665,0.0073079024,-0.014715543,0.0118033085,0.018298527,0.0052244673,-0.012539272
-0.01192791,0.0138603365,0.013470929,-0.035832774,0.00929074,0.04527931,0.013566591,0.00013461645,-0.106412664,-0.012706599,-0.0037367258,-0.032390073
0.016609075,0.00923607,-0.034745708,0.009047537,-0.013974502,0.024502192,0.010784951,-0.0060664625,0.01477172,0.023225054,0.01002567,-0.0030525634
0.0044970736,0.0035897275,0.034374095,0.025183005,0.04054141,0.00023082874,0.015445417,0.05708662,-0.010713015,0.013448778,0.00826944,0.018327566
-0.016141543,0.027695745,0.0015063551,0.027208129,-0.003707978,-0.007218776,0.032281652,0.029646304,-0.001506188,0.017825069,0.011377588,0.038263667
0.019718163,0.010432646,0.016788892,0.03275935,0.012310871,0.03458997,0.038796544,-0.0130207,0.05669527,0.050468106,0.015325946,0.02997727
0.023084393,0.0026767151,-0.035303123,-0.008785462,-0.015497364,0.0030425289,-2.7402728e-05,-0.00017192234,-0.047185097,-0.03874681,-0.031106742,0.0028286478
-0.0045818137,-0.025601737,-0.029914754,-0.0086306,-0.005355613,-0.00826573,-0.049459495,-0.009133321,0.020033266,-0.05476762,-0.026204461,-0.026638336
0.01595453,0.036670063,0.009529189,0.005482724,0.014486388,-0.04613538,-0.0015410341,0.018723981,0.00076540373,-0.012034801,0.026280269,-0.015366397
-0.02172855,0.0068865432,0.0071933437,0.020048723,0.014870304,0.004179139,0.003916255,0.027265452,0.00046249555,-0.01407579,-0.0019694408,0.014489013
0.026625948,-0.0067619,-0.010577666,0.010554467,0.018044,-0.0022153775,-0.003278796,-0.020701298,-0.006277981,-0.0021209656,0.008699022,0.035119712
-0.02908049,-0.045669314,-0.0354093,0.042837318,-0.01750652,-0.03458997,0.009711336,-0.029404184,-0.010298,-0.03140181,-0.03022231,-0.028417476
0.009788951,0.021239221,0.025083799,0.06680525,-0.0074095572,0.013165011,-0.042602997,-0.044065922,-0.051940184,0.0036693024,-0.020619905,9.4773786e-05
-0.008444797,0.03380327,0.0041408176,0.008952237,0.019618051,0.013546773,0.025986364,-0.08097584,-0.00475157,-0.019245444,-0.0028254448,-0.040578984
-0.03761295,0.0059859953,-0.009807899,0.009309611,-0.0028873598,0.04844909,-0.012590577,0.024064083,0.010298,0.01969331,0.025054699,-0.01129022
-0.010320769,-0.0009511843,-0.007876844,-0.0115312915,-0.0048373276,0.031952336,0.03699092,-0.0034636676,-0.042542554,0.030582853,0.0154017545,-0.017547669
0.013009078,-0.01162299,-0.008586888,-0.0055541988,0.021051332,-0.0169942,0.0022890572,0.022167472,0.018302865,-0.016391898,-0.03509932,0.028880538
-0.010203886,-0.01910782,0.0017916999,-0.005688214,0.021473639,-0.01197345,-0.023070524,0.0064027407,-0.0143848425,-2.7741703e-06,0.0041536726,-0.0030434239
0.016048037,-0.043301087,-0.031852443,-0.015212251,0.0062002256,-0.026839038,-0.06251368,-0.008272449,-0.033060517,-0.013372,0.016753672,0.0005270394
-0.0073811617,0.03322991,-0.05083119,-0.018476274,0.009853816,0.047130276,0.07608027,0.020432275,0.010480887,-0.017594738,-0.04222532,-0.016231595
0.028285686,0.085355744,0.022827584,-0.010363867,-0.032402415,0.024571601,0.01783665,0.02036502,-0.03860343,0.02684637,0.029565303,0.029562948
-0.0074863564,0.006799293,0.018381514,0.023455694,0.025504746,-0.023345336,-0.02625477,0.008211918,-0.03137232,0.00437949,0.014871095,-0.02666271
-0.0053853844,-0.026898028,-0.011493423,0.005268299,-0.0043190424,0.00092114584,-0.022533717,0.04511511,0.013554812,-0.027434994,0.015174329,0.022860713
0.03829087,0.039312504,0.038568,0.044695664,-0.00915637,0.0038378667,0.0087780235,0.0009155179,0.023254909,0.0018986322,0.0060836296,0.027345119
-0.084903814,-0.06471481,-0.08276327,-0.07404804,-0.04768223,-0.034913886,-0.051094316,-0.040945258,-0.06544576,-0.039565764,-0.018333016,-0.04267496
-0.0295714,-0.0071171336,0.00018787965,-0.035570696,-0.015638134,0.004800949,0.002644387,-0.027063685,-0.010283931,0.0008749383,-0.021327449,-0.026735824
-0.035228536,-0.006537542,-0.060838167,0.01654645,-0.015305406,0.020939076,0.0007114225,0.028354995,-0.005120863,0.02019236,-0.018282477,0.0041675717
0.031371396,-0.015405914,0.0069079986,0.03711932,-0.004786139,-0.009283762,-0.0071432004,0.046029788,0.0074843387,0.021318424,0.03833382,0.04562394
-0.03237659,-0.018983178,-0.0014549267,-0.018881299,-0.027641872,0.02850491,0.018166056,0.017338514,0.016417712,0.00041467597,-0.004943344,0.006199567
-0.016188296,0.020291932,-0.022907216,-0.0006566761,-0.01583009,0.016057149,-0.009674735,0.034273494,0.02008954,-0.029635936,0.0076945596,-0.023799026
-0.032516852,-0.03303048,-0.015408619,-0.029304728,-0.021844758,-0.0069816206,-0.026181567,0.013282997,-0.029177666,-0.016199954,-0.045207117,-0.017803572
-0.009070121,0.0077964393,0.013351482,0.0024331263,0.021025738,-0.0112330625,0.0059323334,0.017984169,0.05596372,0.023250645,0.040911306,0.011308498
0.06475318,0.05095419,0.0101197865,0.04107427,0.016917849,0.0011308258,0.056706395,0.029969132,0.070060164,0.042611256,0.023601703,0.046525694
-0.0022353875,0.02440516,-0.0044294805,-0.0058817924,0.0017356152,0.027510013,-0.014152199,0.009980743,0.0003029082,0.024018416,0.011207019,0.026443362
-0.028659713,0.0070610438,0.020730631,-0.010298348,0.04473888,-0.004132865,-0.040480167,0.05173307,0.056357633,0.0005206443,-0.015376485,0.01763297
-0.014750634,-0.011068326,-0.025707576,0.023682032,0.023073284,0.026121788,-0.030158823,0.0023337721,0.010312068,0.009245235,0.009349711,0.010516415
0.58796823,0.55840206,0.5274765,0.5710372,0.533181,0.5745405,0.5582798,0.5130801,0.5028575,0.5544326,0.545821,0.5654249
0.0033194772,-0.044098806,-0.059192456,-0.04293262,-0.039415263,0.00022287536,-0.008155814,-0.03397757,-0.003541696,-0.019168667,-0.028984105,0.020021403
-0.044228528,0.024504876,0.018633679,-0.030281551,0.012969924,-0.019423597,-0.038869746,0.04775153,0.005170102,-0.017914642,-0.03381058,0.023945257
-0.020302577,-0.023545124,-0.029038811,-0.011507466,-0.03721415,-0.02642257,-0.04833708,0.012556636,0.018316934,-0.014792375,-0.020000802,0.016268153
-0.035485677,-0.020291932,-0.018660223,-0.028899703,-0.025914256,-0.03424291,-0.05494957,-0.009953841,-0.035030082,-0.03634113,-0.04470173,-0.048572924
-0.038244117,0.0058333073,0.010544486,0.019500747,0.020641824,-0.0077624978,-0.0029082159,-0.03470393,0.0025938437,-0.0016986919,-0.028200751,-0.0012444832
-0.012751935,-0.038464926,0.04286808,0.008308962,-0.0017564106,0.017757725,0.026791576,0.032013703,-0.080639526,0.005425577,-0.0097540235,-0.014683987
0.00070093275,-0.00023429049,0.016576542,0.02515918,-0.0075119347,0.012760112,0.01989848,-0.060099676,-0.00884193,0.014216548,-0.014845826,0.00853621
-0.0071357074,-0.030138755,0.022522332,0.012829753,0.0060242643,0.009544054,0.05080151,0.03330501,0.031513005,-0.0023720905,-0.00021755452,0.028125014
-0.01602466,-0.023258444,-0.01670926,-0.0072011007,0.0027353936,-0.0173991,-0.0134445885,-0.007566264,-0.026954874,-0.043583766,-0.040582802,-0.033974238
-0.0018043814,-0.019606395,-0.024433479,0.009821849,-0.014012894,0.039009154,0.035966106,-0.0114536425,0.018077772,0.05028896,-0.010954324,-0.005227743
-0.06119994,-0.029216394,-0.05319358,-0.032211374,0.0017692078,-0.001574769,-0.010772752,-0.04963469,-0.022959474,0.010537649,-0.007662973,-0.046135746
0.003509412,-0.011217899,0.010756835,-0.017618574,0.031173889,-0.008566512,-0.016140826,-0.011715939,-0.028572729,-0.0404615,0.0063110553,0.025760954
-0.001599836,-0.012077938,-0.08037433,-0.018976597,0.007032041,0.010764536,0.0048129675,0.009274558,-0.0012002023,-0.021702308,0.004630634,0.022982573
-0.054514233,-0.0032999318,0.0246591,0.003082357,0.0028041783,-0.008595433,-0.024754148,0.06053011,-0.03145673,-0.030736407,0.019937627,-0.006089894
-0.012202585,0.008837211,-0.005192612,-0.05174786,0.014217648,-0.03586251,-0.013285986,0.022476848,0.029993627,-0.006167755,0.02630554,-0.0056633884
-0.003962334,-0.027845317,-0.014041618,0.00985163,-0.0040215086,0.018324584,-0.013981396,0.02770934,0.004287316,-0.01544498,0.012280973,-0.0057608755
0.017824657,0.01919507,0.04953055,0.02644573,0.020283503,0.018972423,0.0117792655,-0.010054724,-0.016727215,-0.01153575,0.043210827,-0.013246053
-0.0045321384,0.005721128,-0.0062311343,-0.0064148763,0.0039767185,0.0013462901,-0.019593475,-0.036425676,-0.04856379,0.0030166977,-0.026507696,-0.0020837858
-0.015299985,-0.038090996,-0.0004135011,-0.0010974383,-0.017020227,0.0044972743,0.006337989,-0.004247196,0.013526676,-0.0007553741,0.01199669,0.0010944445
0.010595444,-0.009335784,-0.020266118,-0.010911842,-0.008894028,0.0018726592,0.023973336,0.02414479,0.042823922,0.037032124,0.05104437,-0.020581953
-0.010864275,0.0047084014,-0.021168603,0.0017987861,-0.009930599,-0.002143074,0.019434873,0.0025489903,0.010642673,-0.010927931,-0.009697167,0.046087004
-0.0059230463,-0.012096634,-0.028640656,-0.02687458,0.013603384,-0.0038031612,0.0026535373,0.026296971,-0.03801256,-0.02467102,0.0054234643,-0.031147113
0.02716361,0.003384066,-0.014545949,0.02357482,0.005016488,-0.024455916,0.00011704539,0.012092571,-0.0070974603,-0.0067819715,-0.036943994,-0.024042744
-0.0149142705,0.014969663,-0.0020173215,-0.013139477,-0.023265243,0.0042254133,0.012456375,0.022530653,-0.0047656386,-0.01353835,0.005306593,-0.018473797
-0.010268171,-0.00608571,-0.035727825,-0.00025909668,-0.015842889,-0.0014786054,-0.009345331,0.02013635,-0.006622655,0.016161567,-0.020000802,-0.029465461
-0.014750634,-0.0022731826,0.039815556,-0.004872209,0.021703988,0.027926482,0.032794062,0.019490696,0.01734622,0.025362015,0.04945239,-0.024859197
-0.005493501,0.005786566,0.0695445,0.017725786,0.016303586,0.029430393,-0.021545503,-0.010962675,0.022115376,0.006897137,0.02161805,-0.04355234
0.041002557,0.005372127,-0.010590938,0.008886718,-0.014358417,-0.013974809,-0.02698678,-0.021118283,0.011142098,0.016532656,-0.010992228,-0.007963474
0.01981167,-0.0060233884,0.02680914,0.016236724,0.011568635,-0.018151056,-0.011645064,-0.0132695455,-0.0015668576,-0.01076798,0.00018794183,-0.030635307
-0.051241506,-0.008463281,0.017757738,0.011781453,-0.03721415,-0.007438578,0.019288471,0.007082023,-0.07883879,0.0011052694,0.013215943,0.02541975
0.03974022,-0.01501952,0.054467678,0.021192322,0.04289609,-0.009509349,-0.0213259,-0.012576812,-0.013941691,0.0018698408,-0.017082175,-0.029879782
0.005730189,0.0078026718,0.003855473,-0.016296288,-0.010026577,0.00012110826,0.033818875,-0.05907739,-0.019723764,-0.023813678,-0.02502943,-0.008737277
0.018397383,0.017250635,0.018554049,-0.0036065066,0.0029961357,-0.020684568,0.007978912,-0.026431482,-0.0064327326,-0.023212258,0.021428527,0.024347391
-0.039249312,-0.021675473,0.005093073,-0.041455466,-0.04402224,0.006061921,-0.023741534,0.026068302,0.025351087,-0.03634113,-0.027366858,-0.044429723
-0.02151816,-0.0054998863,-0.0215004,-0.008225575,0.035294574,0.021540642,0.0033672473,0.0091736745,-0.041417092,-0.022444487,-0.019950263,0.007731942
-0.009935055,-0.0149073405,0.017452484,-0.027922878,0.040131904,0.002559542,0.0037302023,0.006073188,0.0029156564,-0.023097092,0.010322587,0.034778506
-0.009818172,0.014134552,0.009270389,-0.011179873,-0.0018635868,0.004745998,-0.0061549866,-0.010357374,-0.013575915,0.008208745,0.019204812,0.031025255
9.190839e-05,0.0013196612,-0.028189413,-0.013520677,0.012803561,0.0068890722,0.0011323284,-0.017338514,0.008989647,0.007997608,0.005909902,-0.039750345
-0.011659079,0.037717067,0.033949398,0.0096491175,0.010512869,0.0057437853,0.013908195,-0.026296971,0.02855866,-0.046629254,0.0007430809,0.00718967
0.0035211004,0.017873852,0.043982916,0.016272463,0.03125067,0.0001427993,-0.019129869,-0.004169852,-0.004406897,-0.0060397936,0.024713561,-0.01837631
-0.044883072,-0.05653821,-0.05850232,-0.042432293,-0.04745188,-0.019122815,-0.03703972,-0.04810126,-0.003065132,-0.043123104,-0.04604101,-0.025200402
0.01333635,0.01147965,0.02845485,-0.00586988,0.05743367,0.026121788,0.003977256,-0.054584708,-0.04690373,0.005345601,0.0061657554,0.028831795
-0.03293763,-0.042628016,-0.015886405,-0.031639576,-0.026899636,-0.015050685,-0.04143178,-0.002032803,-0.0118525475,-0.008131968,-0.0025285285,-0.03743503
0.0026707766,0.018721426,0.010365316,-0.0015121418,0.011511048,-0.0009160846,0.002774014,0.025086368,-0.023522208,0.029635936,0.012375733,-0.01701149
0.01911037,-0.018397354,-0.030870326,0.017011037,0.0029945362,0.032808412,0.05353435,-0.007902542,-0.039391257,0.033372417,-0.0066206064,-0.032974996
0.02302595,0.023794409,-0.017226864,-0.02701753,-0.03770044,-0.0024800082,0.0039040549,0.012778579,-0.014856131,0.032911755,-0.011112259,-0.017218651
0.02510647,0.03858957,-0.013643463,0.019965334,0.01609883,-0.0034618888,-0.01789765,-0.010518788,-0.045975223,0.013333612,0.011415492,0.040432755
0.025901273,0.004131926,-0.005544316,0.012067353,-0.01718659,-0.013396382,-0.00994314,-0.026391128,-0.0076250215,-0.035854876,-0.011693456,0.020813486
-0.04296619,-0.0023043433,0.0040678224,-0.017499449,0.021934338,-0.003782916,-0.003855254,0.036291163,-0.013920588,0.00264081,0.016677864,-0.038385525
-0.0032961005,-7.390959e-05,-0.0041275457,-0.0058371206,-0.043049656,0.0070683844,-0.011022855,-0.033466425,-0.01610821,0.01364072,0.0141382795,0.015463884
0.005025969,-0.020890221,0.0076445863,0.046887565,-0.006305802,-0.01469206,0.018349057,0.011796646,-0.01233087,-0.0055311457,-0.016488342,0.012539272
0.019776603,-0.0047115176,0.025840295,0.030805701,-0.0060562575,-0.044330686,-0.06988258,-0.012751677,0.012323836,-0.017364407,-0.028554523,0.027564464
0.0033370096,-0.0051290723,0.019721972,0.016796611,-0.000929394,0.019076541,0.029451214,-0.0039176433,0.008891169,-0.03229754,-0.01904056,-0.0102726985
-0.021331148,-0.0027920103,0.022814313,0.0011339203,-0.0064401724,-0.012517172,-0.0065941927,-0.0076133427,0.013055388,0.00018594439,-0.003954675,0.013904091
-0.012296092,0.024554733,-0.018129349,0.0011733803,0.027616277,0.0111578675,0.012907782,0.005296385,-0.007955627,0.002109769,-0.009899323,-0.031268973
-0.025246728,0.004552597,0.020558098,0.011793366,0.005403602,0.020395355,0.01573822,-0.01409679,-0.033173066,0.029124089,-0.023942841,0.011631424
-0.01333635,0.0027857781,-0.041965593,0.0009738461,-0.00079782313,0.013997947,0.034380082,0.028812334,0.024872765,-0.0010468869,0.007593482,-0.014842404
-0.02695322,-0.025015915,-0.02193837,-0.008737812,0.0038487467,-0.022176912,0.026205968,-0.029861521,0.046791185,-0.02591225,-0.022742542,0.011424264
-0.0013302746,-0.0011537297,-0.013105953,0.017666224,0.0003013332,0.0070626005,0.01643363,-0.009967292,0.010748185,-0.016967725,-0.043463524,-0.020703813
0.0019767839,-0.016702205,0.038329106,0.0061825826,0.026822854,0.023669256,0.0012589052,0.021669779,-0.02200283,0.0062477314,0.02521895,0.0048256093
-0.031067502,0.007896154,0.013152405,-0.015653012,0.016585123,-0.014460688,0.0050173206,0.017540282,-0.030528223,-6.088179e-05,-0.018623615,-0.027077029
0.001949024,0.0062602106,0.015514795,0.019941509,0.06147757,0.0079823,0.00857062,-0.02403718,0.037421692,-0.012706599,0.0076566557,0.012179788
-0.015019465,-0.025526952,-0.027977062,-0.021918982,0.022203078,4.2003783e-05,-0.030354027,-0.009886585,0.00082783186,0.0027527767,-0.023551164,-0.017023677
-0.013301286,-0.0039231484,-0.03806367,-0.003255088,-0.0014308827,0.008045927,0.019361671,0.00875669,-0.022030966,0.029380012,0.070249185,0.054251544
-0.032773994,-0.0013671814,-0.002223035,-0.0147714885,-0.013296252,-0.0011987911,-0.009857738,-0.020122899,0.011430498,-0.00578387,-0.014492053,0.022361092
-0.026392182,-0.024666913,-0.031905532,-0.02324127,-0.033119056,-0.0058479025,-0.015201413,-0.053804543,-0.010220624,-0.008854952,-0.011377588,-0.014281853
-0.03254023,-0.010021322,-0.02938388,0.024635032,0.029791795,-0.011672668,-0.0010034641,0.009382167,0.0008665197,-0.02270041,-0.012577889,0.0046214955
-0.026205169,-0.022323618,0.012030933,0.014068652,0.02381552,-0.0065825055,-0.00570663,-0.0004325381,-0.05869297,-6.777973e-05,0.017739182,-0.038946077
0.0027379843,-0.0043375874,0.027578907,-0.023634382,-0.010519268,-0.005544228,0.027938392,0.0045532095,-0.00077199825,0.0023113086,-0.031132013,-0.0029565995
0.010671418,0.01556795,0.019456534,0.01645115,-0.009777033,0.012320506,-0.0061458363,0.024830798,0.045440625,-0.018234545,0.016564151,-0.037410658
0.023107769,0.00023097965,0.022947032,0.012073309,-0.020539446,-0.011661099,0.019666675,0.0056999186,0.035142627,-0.00089813134,-0.03714615,-0.011338963
0.030646723,-0.0017746092,0.012376001,-0.011084572,0.044226997,0.0025320665,0.0045293136,0.051060513,-0.03353884,-0.025131684,0.015035347,0.019850802
-0.010098691,-0.010563522,0.0021118834,-0.0037018065,0.018389523,0.012760112,0.0075763064,-0.015576416,-0.01187365,-0.005831856,-0.012521032,-0.005632924
-0.043433722,-0.041182153,-0.0381433,-0.056989357,0.019630847,0.00060843345,-0.010272544,-0.05837793,0.020188019,0.036187578,-0.010076209,-0.025931556
0.026766207,-0.058931362,-0.0843028,-0.04438594,-0.019272527,0.009318468,-0.029475614,0.030991416,-0.052080866,0.019782882,0.012375733,-0.022019887
-0.036841523,-0.0008483536,-0.031905532,-0.048888862,-0.03626716,0.0016456264,-0.008235116,-0.023526037,0.008426915,-0.023161072,-0.038308546,-0.021130318
0.04750125,0.062770374,0.059829507,-0.0017422017,0.029023966,0.04567264,0.05187513,0.05270155,0.010487922,0.064441524,0.055239107,0.001961927
0.064192146,0.05369634,0.06779262,0.035546873,-0.005643549,0.022489263,0.049630295,0.05746325,0.0070482213,0.020704208,-0.0060457257,0.03287751
0.012868819,-0.003938729,-0.025123615,-0.0032282851,-0.030431652,-0.03310919,0.013090784,-0.08850847,-0.026335867,-0.026718408,-0.03568052,0.04199255
-0.011390248,-0.02350773,-0.031454287,-0.008612731,-0.032914303,-0.03202175,-0.021996908,-0.054638512,0.0030422711,0.038900364,0.023210026,0.0038872962
0.03707529,0.03220783,-0.010086607,0.007921807,0.0071664113,0.013685595,0.0121757705,-0.058216516,0.008412846,0.04540082,-0.011409175,0.008603232
0.024662314,0.004552597,0.02954314,0.01932206,0.05768961,-0.049605947,-0.08159474,-0.002770934,-0.02324084,-0.010684804,-0.022085534,0.0036313927
0.01580258,-0.021912295,-0.02006704,-0.030781876,0.02810257,0.02060359,0.01851986,-0.015374648,-0.011008449,-0.003864444,-0.007801955,-0.006391495
-0.02936101,-0.0056525744,0.0112147145,-0.0051759775,-0.010167346,0.013488931,0.0053497753,-0.014984566,-0.04257069,-0.014395694,-0.00988037,-0.035826493
0.035228536,-0.0025614202,-0.0076180426,0.035785124,-0.029382287,-0.007889751,0.027450385,0.0020294401,0.0503364,0.0035797292,0.0060172975,0.03182952
-0.037005156,0.019294785,0.0041275457,-0.019774735,-0.04425259,0.025913553,-0.0061641363,-0.0036587089,-0.005388161,0.0017274834,-0.036918726,-0.01210058
-0.012950636,0.007248009,0.01340457,-0.0012798483,0.030022144,0.037736613,0.04345701,-0.005965579,0.00469178,0.008573435,-0.026962547,0.006470703
-0.013909077,0.0068990076,-0.029091898,-0.0023184686,-0.011741397,0.0019247177,0.030866433,-0.01848186,0.016206687,-0.0012468271,-0.04467646,0.007884265
0.0018818163,-0.023258444,-0.016178386,-0.028852053,0.011754194,-0.026931586,-0.0001659414,0.007566264,-0.045215536,-0.013883848,0.018219303,-0.024786083
-0.007451291,0.0069426326,0.012176923,-0.035070375,-0.01375695,-0.003129293,-0.031793647,-0.03384306,-0.011662626,-0.03260465,-0.050109398,-0.02722326
0.005893825,0.028667964,0.052928142,0.027756104,0.032555982,0.022685928,0.037381325,0.05280916,-0.019611217,-0.010492861,0.008111507,0.033657406
0.0147857,0.04883525,0.0036198974,0.023860719,-0.03450115,-0.018174194,-0.019605676,0.0008205193,0.010319103,-0.039872874,0.004510604,-0.020752557
0.026158415,-0.0025832327,0.0027157527,0.013687452,-0.025197614,-0.008074849,0.03477049,-0.0010458258,-0.038209517,0.012712997,-0.0024006015,-0.0052582077
0.008117524,-0.03223276,-0.0061282776,0.0069807195,0.035806462,-0.027949618,0.011510862,0.01588579,0.014602901,-0.0031766498,-0.042275857,-0.02612653
-0.022722056,-0.003832782,0.03039254,0.0110547915,0.005601958,0.013535204,0.0020816543,0.02236924,-0.03021872,0.004427476,-0.025926497,0.00946843
-0.024802573,0.045793954,0.009874257,-0.021192322,-0.015331001,-0.0070626005,-0.035136495,-0.059400216,-0.022354538,0.007972016,-0.010114114,-0.03565589
-0.007550642,0.02874275,0.025760664,0.037857898,0.03803317,0.026792765,0.005819482,0.0038907412,0.0067457524,0.02213738,0.019647028,0.019899545
0.011466223,-0.009647393,-0.014134522,0.014044827,-0.023329228,-0.011985019,0.0029814169,-0.028354995,0.0061970884,-0.010844756,-0.0013321759,-0.014818032
0.010607133,0.021663008,0.03718773,-0.008046888,0.021102522,0.024617877,0.03191565,0.015966497,-0.009109228,0.016801374,0.0076377033,-0.014342783
0.026719455,-0.020628469,0.010517943,0.0016409456,0.0023130872,-0.0290602,-0.038015734,0.006789461,-0.015475136,-0.009936228,-0.012123038,-0.032706905
0.037098665,0.013947587,0.00031769494,0.008457868,0.0021451244,-0.016311657,-0.019447073,0.031717777,-0.0015105843,0.034575257,0.030020155,-0.015439512
0.03181555,-0.005982879,-0.019429991,0.02554038,0.008017423,0.028227264,0.034575284,-0.010444807,0.037252873,0.024427895,0.012470493,0.05654249
0.022254523,-0.005920558,0.02236307,0.03530862,0.03437318,0.01795439,0.037625328,0.016733212,-0.023761367,-0.003694895,-0.03320411,0.032121982
0.015942842,-0.019319715,0.009436286,-0.011114354,-0.031685777,-0.0026506442,0.0050386707,0.03147566,-0.007364758,0.008400687,0.008357883,0.04021341
-0.03525191,-0.021002399,-0.006592792,-0.044981565,0.01922134,0.0070626005,0.0009722012,0.02676776,-0.05630136,-0.014958726,-0.02502943,-0.032950625
-0.006972071,0.048386537,0.02092971,-0.04298027,-0.0013269058,0.0048414385,-0.00086697465,-0.054208077,-0.030500086,-0.026065804,-0.027114162,-0.041163906
0.01595453,-0.0029758592,-0.024566198,-0.030186253,-0.032965492,-0.02521944,0.00995534,-0.0097857015,-0.037337285,-0.029968636,-0.017082175,0.009681683
0.00428084,0.042129442,-0.0052423812,0.025445081,0.025453556,-0.018116351,0.0037393526,-0.012085846,-0.010762254,0.0038388518,0.037348308,0.01582946
0.0009993496,-0.012239974,-0.0021815605,0.025016231,0.03810995,-0.0017569737,-0.003638701,-0.0070887487,0.02208724,-0.012706599,-0.05013467,-0.01914402
0.03038958,-0.023757016,0.025561586,0.0077550313,0.0015436577,-0.0048385463,-0.009412432,-0.03158327,0.029768534,0.013896643,0.021390624,-0.006281822
0.01870128,-0.0023791294,0.004568835,-0.012329428,-0.01922134,-0.065848194,-0.038747743,-0.015993401,-0.032497786,-0.030582853,0.0077640507,0.0044600326
0.028589582,-0.017736744,-0.03928468,-0.012746365,-0.0035480135,0.005084378,-0.00926603,0.010216137,0.02274845,0.021075297,0.0025553773,-0.016731216
-0.034083083,-0.021575758,-0.038833436,-0.042146392,-0.05123984,0.007820341,0.02989042,-0.015805084,0.009369492,-0.028663427,-0.012040912,0.0011904082
-0.018163618,0.038090996,0.013417842,-0.034141198,0.0073519703,0.0163695,-0.026889177,-0.028677821,0.0097563695,-0.00027331826,0.0037240912,-0.015671043
-0.044181775,-0.052848767,-0.04228412,-0.008171969,0.05164935,0.033317428,0.008094814,0.06472687,0.042289328,-0.034216966,0.009804563,0.022946015
-0.013909077,-0.0231338,-0.013271851,0.004729259,0.0043862276,0.0030425289,-0.017629247,-0.02889304,-0.0010709497,-0.022994723,-0.0061183753,-0.03828804
-0.056618124,0.0153435925,-0.060731992,-0.05246261,-0.042844903,-0.017734589,-0.010845953,-0.013417508,-0.0070306356,-0.046091814,-0.006645876,-0.043089278
0.01882985,0.013947587,0.051866397,0.029495327,0.019643646,0.03378017,-0.010284744,0.0035443744,0.008110378,0.050698437,0.014555226,0.043186765
0.0001598923,-0.021388793,0.045548994,0.0040978966,-0.016022047,-0.002767776,0.018056253,0.056064334,0.03812511,0.034319334,0.05106964,0.022470765
0.028005168,0.022161582,0.031666636,0.019048072,0.016572326,-0.038546413,-0.03337967,-0.0062480527,0.016417712,-0.03961695,0.001882577,0.011156174
-0.016351933,-0.012763476,-0.025614673,0.011364516,0.0040055118,-0.015131664,-0.025205554,0.00669194,-0.05421925,-0.039693728,-0.0025885433,0.009084575
0.005335709,0.03303048,-0.012448996,0.012567678,-0.036753453,-0.0018639828,-0.007082199,0.0207282,0.027179966,0.03874681,0.04123981,0.019741127
-0.022546731,0.0036987904,-0.029622773,-0.04510069,-0.0070128455,0.02570532,0.022033509,0.032013703,0.01668501,0.040487092,0.014605765,-0.018437238
0.0038103857,-0.03377834,0.023929149,-0.010101792,-0.02881921,-0.0022818968,0.012236772,0.036318067,0.027278444,0.015419388,0.049932513,0.016414382
-0.016094789,0.0015907603,0.0056604445,-0.01243664,0.009994584,-0.010677773,-0.00094398827,-0.015643671,0.026167048,-0.026897555,-0.0023784908,0.015902575
0.013792194,0.01890839,-0.03333889,-0.011912491,-0.008087807,0.018694779,0.027450385,-0.030480273,0.060662534,0.055023544,0.044272147,0.037508145
-0.026111662,0.032930765,0.0123096425,0.0040353565,0.0037623658,0.014194612,0.0018163004,-0.030776199,-0.042120505,0.021254443,-0.014201454,-0.0035399985
-0.0033223992,-0.0022435798,-0.032728385,0.059848353,-0.0015460573,-0.017746158,-0.0047489167,0.029054454,-0.007589851,0.010940728,-0.00644372,0.03982346
-0.011717521,0.00713583,-0.03612598,-0.008332787,-0.015497364,-0.033618208,-0.03069563,-0.006893707,0.03387648,0.0021145674,-0.03964783,0.012734246
-0.02096881,-0.0076468675,0.015806776,-0.01673705,0.021524828,0.00978121,-0.007875211,-0.005138334,-0.0140683055,-0.010281725,-0.018156128,-0.0020472282
-0.027116856,-0.017786602,0.05505164,0.0030942694,0.045481116,0.032692723,0.023412129,0.016787017,0.0013241792,-0.001113267,-0.026280269,0.012137138
-0.017637644,-0.0035990758,-0.04143472,0.010334086,-0.04453413,-0.00558761,-0.0047397665,0.026027948,0.024127144,-0.00017144872,0.0014751065,-0.035460915
-0.014996089,0.018883463,-0.02221708,0.018702611,-0.025517542,-0.01796596,-0.00498987,0.0039176433,0.064657934,0.03654587,0.013481273,0.026077786
-0.045981772,-0.04030965,-0.07113712,-0.035737474,-0.05379927,0.00806328,0.007954512,0.0019991752,-0.0055112587,0.03994965,0.03664076,-0.015561371
-0.016679205,-0.026549026,-0.013961988,0.011727847,-0.019656442,0.004980261,-0.037942532,-0.003517472,0.018345071,-0.009437177,-0.013089596,-0.020289492
0.0011162327,0.020391647,0.013490837,-0.0099945795,-0.02224147,-0.019365754,-0.0026260868,-0.029054454,0.025041584,-0.00045546377,0.0015161694,-0.019131834
-0.0014493492,-0.0036832101,0.0063074473,-0.0018836627,-0.032274444,0.028620595,0.022741118,0.0032921655,0.030668907,-0.0024536662,0.0072333915,-0.017230837
-0.012296092,0.009373178,-0.027685082,-0.005268299,-0.018415118,-0.017688313,-0.020532887,-0.012892914,-0.023972392,-0.051798906,-0.02870614,-0.038604874
0.029267503,0.0142965885,-0.02151367,0.0070045446,0.023610765,0.0066229952,-0.0026260868,0.05474612,-0.0023793022,-0.015828867,0.01199669,-0.023738097
0.00089342444,0.014196874,-0.010298957,0.0010751022,0.020462664,0.015617544,0.009449033,0.041160475,-0.005943859,-0.006071784,0.008225219,0.00031302482
-0.0266727,-0.016826848,0.014134522,0.046696965,-0.007671899,0.004850115,-0.011340059,-0.02509982,-0.05213714,0.040870976,-0.03664076,0.013806604
0.003898048,-0.0017855156,0.012190196,0.013115653,-0.013347441,-0.036186427,-0.022228712,-0.06548013,-0.06719023,-0.019552551,-0.0008757458,0.0229582
0.004949995,0.009510285,0.012634803,0.030519802,0.015778901,0.007843478,0.020142483,0.03564551,0.0005855932,-0.003637312,-0.00010877726,-0.008274213
0.024709066,-0.0029618368,-0.028481394,-0.013651715,-0.03483388,-0.024455916,0.0036600514,0.026592895,-0.004336555,-0.05369274,-0.016766306,0.014878961
-0.022242835,-0.036046848,0.0030077333,-0.032020774,-0.045122795,-0.017572628,0.00022894384,-0.008279175,0.031119091,0.019552551,0.034593932,0.0015597928
0.013651934,0.06775611,0.02086335,0.023074495,-0.026643693,-0.02466415,0.011279059,-0.0010391002,-0.00838471,0.013487166,0.0006574016,0.002505722
0.039927233,0.017599637,-0.019005291,0.020167846,0.014192054,0.031235088,0.042627398,-0.016235521,0.008405813,0.049470004,0.062466178,0.039604116
0.0028227244,0.014458625,0.022628507,0.013568327,0.0073007816,0.018232036,0.019581275,-0.030480273,0.0057855905,-0.00033809888,0.025130508,0.016792145
0.03658438,0.029465681,0.018169165,0.0053516864,-0.010768812,-0.008566512,0.046775457,0.011325857,-0.008687179,0.01691654,0.010865881,-0.009858378
0.035158407,0.037717067,-0.0011480151,0.015474326,-0.025056845,-0.021378683,-0.0055449777,0.03860476,0.025533974,0.0070762835,0.0008457383,0.022166118
0.0020907447,-0.0048704376,0.0036464413,0.007927762,-0.03747009,-0.036209565,-0.02205791,0.016531445,-0.00029015882,-0.037032124,0.015477562,-0.033121224
0.0047045406,-0.0061449157,0.016019125,0.019834297,-0.03283752,-0.019527715,-0.0063867895,0.0076402454,-0.014300433,-0.002213738,-0.017221158,0.010559066
-0.0053152544,0.028618107,0.026543703,0.017547099,0.024289016,0.005552904,0.0042273593,-0.00079740013,0.001267906,-0.0018874354,0.03029812,0.018802816
0.018128553,-0.030238468,-0.016311105,0.037476696,-0.03810995,-0.014842451,-0.011065556,-0.030480273,-0.0035592814,0.0015307422,-0.03070243,0.037093822
-0.0060837604,-0.0067058103,-0.03148083,-0.026374254,-0.010647239,0.0044799214,0.060708053,0.010491886,0.05199646,0.013947828,0.015035347,0.010650461
0.013172714,0.02595074,-0.060678907,-0.015712576,0.002404267,-0.010348069,-0.021826107,0.024117887,0.011747035,0.005838254,0.020986311,-0.038751103
0.002688309,0.0039231484,0.0003508746,-0.024492081,-0.021076927,-0.034913886,-0.0077776094,0.023660548,-0.03221642,0.0404615,0.039976332,0.025614724
0.010911028,-0.0026455545,0.005112981,-0.007927762,0.00072863844,-0.019365754,0.011120456,-0.024655933,-0.030274993,0.048369534,-0.027038354,-0.009334385
0.01905193,0.0035087094,-0.0062709497,-0.018702611,0.0014132867,-0.016114991,0.02418074,-0.0007461177,0.02357848,0.0028039613,-0.010859563,-0.025273519
0.037168793,0.009204909,0.013802726,0.01836906,0.041974694,0.017063612,0.008893925,-0.014890407,-0.023184568,-0.038311742,-0.027189972,0.034437303
-0.010934405,0.008376031,-0.023570808,-0.031782527,0.014320025,0.013199717,0.017275443,0.022490298,0.006031786,0.0052848193,0.01962176,-0.008682441
-0.026649324,-0.00012834367,0.009197393,0.010435342,0.03770044,0.00019702688,0.0038247537,-0.017486477,-0.007540612,0.01691654,0.050362095,0.008798206
-0.050493456,-0.024168339,-0.05213183,-0.04681609,-0.027718654,0.0035949273,0.014811008,-0.024924954,-0.046678636,-0.030762,-0.049376585,-0.026394619
-0.0041902554,0.019668715,-0.022655051,-0.023515256,-0.007767878,-0.0131071685,-0.002363783,-0.023041796,-0.015137496,-0.018797578,-0.034897167,-0.037800606
0.00429545,-0.024754163,-0.025720848,-0.006426789,0.02052665,-0.0077856346,-0.0072408016,-0.0130207,-0.03927871,0.013397593,-0.010600551,-0.008377793
0.005698046,-0.04033458,-0.03848837,-0.0070224134,0.014703941,0.057796482,0.05348555,0.03836264,0.011782206,-0.0052240374,-0.0009152293,-0.022312349
0.0048097353,0.016128846,0.028215956,-0.0027726323,-0.045839436,-0.0018408457,-0.016079826,-0.0065540657,-0.023367455,-0.053078525,-0.02976746,0.029173
0.01526492,-0.015031984,0.013517381,0.029304728,0.028665645,0.019134384,-0.01772685,-0.020324666,-0.04681932,0.015534554,-0.058726296,0.011204918
-0.026041532,0.0014326192,0.03288765,0.0036928721,0.0015588544,0.00042767485,-0.02776759,0.0134242335,-0.02730658,-0.03078759,-0.0075555774,-0.023116617
-0.009987652,0.006007808,0.05396335,0.006915201,-0.024416987,0.01956242,0.04689746,-0.03656019,-0.0049942485,0.013192854,-0.0053824014,0.024310833
-0.021331148,0.008668942,-0.0002610822,-0.031877827,0.011536642,0.005526875,-0.009241629,0.004105959,-0.037562378,0.021510366,-0.032597642,-0.045843285
-0.015849335,0.012875655,-0.029304247,-0.01135856,0.01872225,0.044515785,0.022863122,0.02440036,0.018654574,0.050442513,0.026103383,-0.009736519
-0.009935055,-0.021089649,-0.017970087,0.0070581506,0.028588861,0.027209232,0.020362087,-0.025570609,-0.030893998,0.0036597054,-0.019786011,-0.028514963
0.024381794,-0.0029166536,-0.02042538,0.007189188,-0.032504793,0.0047170767,0.041675784,-0.011352759,0.026110776,0.021356812,0.0032660817,-0.04094456
-0.005996098,-0.024592126,0.02143404,0.0006443913,-0.02710439,-0.014749902,0.012566176,0.007842012,0.014152715,-0.024107989,-0.019444874,0.0123321125
0.022394784,0.056787495,0.004824318,0.03275935,0.010762414,0.0010686449,-0.00049982575,-0.020849261,0.034101572,-0.036929753,-0.024006017,0.014147809
-0.0052422024,-0.0043469355,0.0052324273,0.021359095,0.013437021,-0.011285122,0.0030912184,-0.024696285,0.013167934,-0.07140265,-0.017903434,0.027710695
-0.013161026,-0.025801167,0.008022835,-0.0067662946,-0.02201112,0.038291905,0.003699702,0.049123548,0.014926473,0.041536376,0.042806517,-0.016024435
0.58796823,0.5576044,0.52705175,0.5702748,0.53277147,0.57380015,0.5578894,0.51221925,0.501507,0.5540231,0.545821,0.564645
0.032844122,0.013573658,0.023955692,0.03902532,-0.0025882262,0.0016571949,-0.004193809,0.042155858,0.009242876,0.014190955,-0.0024385059,0.03748377
0.034340225,-0.04065865,0.0043332595,0.0097027235,-0.021012941,0.014483825,0.0039040549,-0.028597115,0.026645372,0.02487576,-0.008642166,-0.017048048
0.032984383,-0.010632075,0.013178948,0.014878701,0.012707583,-0.014171475,0.016763035,-0.0137201585,0.0021313482,0.0061805514,-0.011244923,-0.017827945
-0.009292198,0.045245524,-0.039125416,-0.039525643,0.017327359,0.05108672,0.0037973034,-0.042532492,0.021468235,0.014792375,0.013771872,0.02627276
0.045490865,-0.008949391,-0.002599624,0.014414114,-0.0040790956,-0.004916634,0.010120042,0.0067356564,-0.000931146,-0.00538399,-0.033482075,0.030391589
0.023119457,0.027172243,0.0008543754,0.0312822,0.021409653,0.029661765,0.0061031356,0.042451784,0.036155544,0.047422618,0.029817998,0.034120467
-0.0153350495,0.016814383,-0.0097548105,-0.00013969257,0.017903231,-0.010359637,0.00426701,-0.044092823,-0.03170996,0.010460871,0.012179894,0.003865971
0.009461679,0.06386723,0.047008898,0.039287396,0.018095188,0.072234035,0.048117474,0.024911504,0.005940342,-0.015905643,0.016374629,0.037581258
0.06825967,0.042104512,0.037957497,0.03935887,0.02358517,0.03394213,0.044042617,0.047401804,0.06679632,0.052566677,0.062011328,0.066047475
0.017999982,0.042453513,0.021805651,0.011287085,-0.04041344,-0.021829855,0.0356733,-0.01066675,-0.015925322,0.019514164,0.041492503,-0.0063244724
0.029384386,-0.028618107,0.025481954,0.03621397,0.005195648,0.029245296,0.002909741,-0.0020193518,0.014391877,0.0014379699,-0.012009325,-0.00843263
0.0115538845,0.06321909,-0.023385003,-0.0034605786,0.030610813,0.0040894826,0.0029554914,-0.033923764,-0.053459562,-0.00046786005,-0.025282124,-0.020508839
-0.022184394,-0.02172533,-0.005189294,-0.004642893,-0.007831864,0.0155365635,0.02781639,0.056925207,-0.009017784,-0.0047761714,-0.08303554,0.025395377
0.026625948,-0.019232463,0.0043531675,0.0073202257,-0.0055827624,0.0050409962,0.009912639,-0.00029466394,0.03055636,-0.025234053,0.009191777,-0.0020152403
-0.034083083,-0.0024694956,-0.0018646951,-0.013425377,-0.00410469,0.0141830435,0.011632863,-0.0013173706,-0.050617762,-0.015393795,0.022477211,-0.020789115
0.051335014,0.052749053,0.05154787,0.011042879,0.018095188,0.013697164,-0.031183638,0.006587694,0.0026536342,0.024517467,0.009975132,-0.024956685
-0.07994797,-0.19065441,-0.1820898,-0.18373826,-0.22973467,-0.2617269,-0.19364111,-0.20402683,-0.19673118,-0.22439368,-0.22843619,-0.1754767
0.04221814,0.0067058103,-0.012057477,0.021740295,-0.032555982,0.023669256,-0.013712993,0.043393366,-0.011655591,0.020870557,0.040936574,0.032658163
0.007521421,0.0006010145,0.004456024,0.005286168,0.011178322,0.030957442,0.013395788,0.016854273,0.03379207,-0.008701397,-0.0057835546,0.0101934895
-0.030225944,0.015667666,-0.025495227,-0.005688214,0.022945313,-0.0008466733,0.011913467,-0.0005094618,-0.027405059,-0.034933552,-0.045257658,-0.02343345
0.015101284,0.041007653,0.05728131,0.01759475,7.288384e-05,-0.020406924,-0.021911507,-0.009388893,-0.02357848,0.010544046,0.0003837804,-0.02929486
0.030202568,0.04379966,-0.005932518,0.0013349435,0.009681053,-0.016913222,0.013798393,0.0033829606,-0.033482566,-0.014805172,-0.0043558283,0.0018217893
-0.010700638,-0.017312957,0.041408177,0.0058579673,0.045941815,0.0012971237,-0.02708438,-0.018871944,0.014715448,-0.031888064,0.0013961394,0.00064204365
0.034433734,0.0067182747,-0.012661346,0.0015739378,-0.00089820084,0.0021257212,0.021106297,0.011440191,0.014061271,0.017044501,0.0049149157,0.008365608
0.0025465884,-0.0049078306,-0.012103928,-0.0023899435,0.018440712,-0.0107414,0.004001656,-0.00035519406,-0.047607146,-0.018272934,-0.013190674,0.053959083
0.007527265,0.019805823,0.026636606,-0.04271819,-0.0031592995,0.004202276,0.011065556,0.009819329,0.03936312,-0.0058798413,-0.0132285785,-0.0087311845
-0.0017459398,-0.0011420444,0.0072729746,-0.0166894,0.019592457,-0.018185763,-0.011462061,0.017432673,0.029796671,0.00022533261,0.0016551516,-0.032950625
-0.0025071404,0.0050231256,-0.004844226,-0.015105038,0.011869368,-0.0014395616,-0.014664606,0.04818197,-0.023297114,-0.017159667,-0.018118225,-0.03358429
-0.014809076,0.004739562,-0.031188851,-0.016713224,-0.012010138,0.0015241565,0.018471058,-0.043420266,0.028178817,-0.0048017637,-0.0064374027,-0.0061691026
0.0043363594,0.012825797,0.021181876,0.02482563,-0.0148191145,-0.00718407,0.026889177,0.032605555,0.017458767,-0.0031030718,-0.027114162,0.029392347
-0.013009078,0.0051259566,0.0028916046,-0.009321524,-0.03135305,-0.03505271,-0.05973204,-0.051598556,-0.047128823,-0.042815994,-0.0049717724,-0.00843263
0.011366872,0.0064378274,0.0039118784,0.023229357,0.012515625,0.014379709,-0.033599272,-0.028247386,-0.021116527,0.004961716,0.025762245,-0.007951288
-0.042381775,-0.045993384,-0.008819145,-0.0040413127,0.017903231,-0.041785605,-0.02642557,0.021306599,0.00726628,0.031734508,-0.016463073,0.021386223
0.0057447995,0.054494057,0.009648636,-0.04505304,0.022983704,0.013789712,-0.00047008783,0.027265452,0.06251955,-0.013435981,0.0014703685,0.008109705
0.010981158,0.025900882,-0.030525258,0.01984621,0.026720475,-0.028134717,-0.0026154118,0.013962279,0.0069005038,-0.0080871815,-0.010657407,0.020435723
-0.0244753,0.0035710311,-0.017173776,-0.023110231,0.015420581,-0.019805359,-0.012181871,-0.03578002,0.038912933,-0.023711309,0.005707746,0.016487498
-0.02819218,0.040209934,-0.022163993,0.009577642,-0.027693061,0.0049860454,-0.007259102,0.00086423545,-0.01328048,0.009635518,-0.00952028,0.024810454
0.014879206,-0.012570279,0.014864474,-0.020882597,0.04146281,-0.029846862,0.004340211,0.054396395,0.032525923,0.005681501,-0.05152449,0.0033145598
-0.02681296,0.005104144,0.013709823,0.012001835,0.007198404,-0.022801613,-0.009662536,0.012462477,-0.037815604,-0.0125850355,-0.043261368,0.0085727675
-0.0015691543,-0.030113826,-0.04085076,-0.00028645818,0.0026442138,0.023113964,0.036063705,-0.030614786,0.05269987,0.007402586,0.029666381,0.021057203
0.00873116,0.0144710895,-0.03047217,-0.014807226,0.03444996,0.03088803,0.007972812,0.02913516,0.05587931,0.009430779,-0.0038472798,0.022105189
0.011127261,0.027122386,-0.021447312,-0.010155398,0.03137864,0.005535552,-0.023033923,-0.0497154,-0.0577926,-0.020307526,-0.0042357985,-0.0280519
0.032820746,0.0004728656,0.011009001,0.023682032,0.0042710532,-0.005121976,-0.021313699,0.01634313,-0.0328917,-0.0066092233,-0.016778942,0.007134834
0.02529348,-0.015268806,-0.025070528,-0.010465123,-0.034117237,-0.02690845,-0.023851335,-0.0165718,0.007632056,-0.03286057,-0.0075366255,0.03887296
-0.007626616,0.0063755056,0.017439213,-0.0043093436,0.024071462,0.006322213,-0.029500013,0.014298557,-0.0064538354,0.026193766,0.05407671,-0.009358757
0.014972713,0.038315356,0.009409742,-0.003127029,0.054464724,-0.0038378667,-0.013078583,0.007707501,0.0043611745,0.0076713054,0.040405914,-0.0040578987
-0.005250969,0.00085069065,0.050937366,0.05465451,0.03478269,0.017214004,0.0038125536,0.023216661,-0.024422579,0.02524685,0.023285836,0.029733552
0.029618151,0.0021469812,0.00430008,0.02224062,0.0043830285,-0.035769958,-0.059536837,-0.002259791,-0.03885666,-0.04105012,0.008964351,0.019668013
-0.032610357,0.03711878,-0.01068384,0.004639915,-0.028486485,0.018417133,-0.017641447,0.011090461,-0.05371279,-0.019296627,0.01690529,-0.025273519
0.029407764,0.020840364,-0.002496767,-0.0050925897,0.021345668,-0.0018842277,0.0008044488,0.0127315,0.005912205,0.033014126,0.011017498,-0.036898848
0.03293763,0.072043836,0.034798793,0.03702402,0.045455523,0.009277978,0.018178254,0.0051618735,0.03370766,0.010659212,0.009299172,0.011430357
-0.0027160686,0.008164138,0.008235184,0.011954185,0.009725844,-0.00014686637,0.0024476594,-0.0010626398,-0.014293399,0.008048792,0.014176184,-0.0043808245
-0.033989575,-0.03076197,-0.025773935,-0.025564205,0.03485947,0.020002024,0.0023180326,-0.029700108,-0.032525923,-0.021036908,-0.06372965,-0.03814181
-0.0056308387,-0.006811757,0.022655051,-0.01855966,0.032914303,-0.0036412014,-0.025229955,0.000898704,0.0005706457,0.011414186,0.014542592,-0.026199644
0.009525965,-0.007821368,-0.021102244,-0.008588905,-0.00067784975,0.036348388,0.060952056,-0.012879463,0.048057333,0.06643773,0.0495282,0.026516479
0.009403237,0.026200026,-0.0046849637,-0.0046041775,-0.002553034,0.0020187122,0.0011872292,-0.015415002,-0.0317381,0.011158262,-0.022439307,-0.0043655923
0.01994024,0.018746356,0.0123096425,-0.034641523,0.04253777,0.059601173,0.029036408,0.019275477,0.007899353,0.009290021,0.017537026,-0.026029043
0.0072409017,0.031634472,-0.0023905924,0.01606995,0.010634443,-0.01708675,-0.003263546,0.016665958,0.0041290475,-0.014395694,-0.010644773,0.0137334885
0.002799348,-0.009080266,-0.026835684,0.007641863,-0.0071152225,0.018775757,0.017629247,-0.023512585,-0.037731197,-0.033295643,-0.041896816,0.0022132606
-0.018853229,-0.021239221,-0.022734681,0.0021040437,0.0013309049,-0.0017309444,-0.0019611774,0.0005477134,-0.03801256,0.013679109,0.003957834,0.03109837
0.005250969,0.011361239,0.029888209,0.006623345,-0.0011749396,0.014726765,0.045189433,0.03717894,0.016066005,0.0009861051,0.018446729,-0.004313802
-0.0069136294,-0.005362779,0.02422113,-0.0068615945,0.019042179,-0.027995894,-0.01562842,0.018683627,-0.050505217,-0.0061837505,-0.024915718,-0.026857683
-0.01663245,0.005792798,-0.0059391535,-0.014378376,0.0347315,0.01635793,0.01636043,0.06467306,0.041220136,0.018771986,0.01935643,0.02281197
0.009642848,-0.026000597,-0.03607289,-0.0147714885,-0.011645419,-0.00865906,-0.008814624,0.010881969,-0.004470204,0.010467269,0.020594634,-0.0352172
0.0026634713,-0.022286225,0.0032549216,-0.0014771488,0.0147807235,0.017052043,-0.0046940157,0.04675615,0.0035962106,0.0064204796,-0.003866232,0.010589531
-0.047010344,-0.020154824,-0.035011142,-0.028375553,-0.044457342,-0.010868654,-0.026523173,-0.0036856113,-0.012197221,-0.011043097,0.018509902,-0.0006435669
-0.0052889558,-0.004353168,0.025827022,0.005923486,0.02715558,0.006802308,-0.013639792,0.01848186,0.010846663,-0.01183646,-0.015477562,-0.019387737
-0.0027087636,-0.041855227,-0.027340014,-0.032687876,-0.017352954,-0.01301462,-0.0091013275,0.012691147,-0.022706246,-0.002704791,-0.010082527,0.0014265098
-0.0024282443,-0.011834883,0.0036696668,-0.013020352,-0.02174238,-0.035538588,-0.042993404,0.020418825,0.020497521,-0.0069867102,0.029641112,0.0015750251
-0.051802546,-0.0013679604,0.014851202,-0.031830177,0.0072367955,-0.005460356,-0.015067211,0.0051181572,0.028840026,0.005032095,0.008282076,0.01015084
0.010811677,0.036694992,0.01892566,-0.012901228,0.010628044,-0.022373578,-0.042920202,0.00024695444,-0.019414261,-0.08947084,-0.042958133,0.00822547
0.017018165,0.03956179,-0.023862788,-0.045315117,-0.036215972,0.018417133,-0.0014907084,0.04828958,-0.0016231308,-0.003563734,-0.008503184,0.011875141
-0.012179209,-0.029615253,-0.0041275457,-0.029805051,0.018427914,-0.012725406,0.01496961,-0.004065606,0.034298528,0.018541655,0.017221158,0.0045575197
-0.011308431,-0.019232463,0.016510183,0.005122371,0.039747987,-0.017109888,-0.0425054,0.03873927,0.014004998,0.03183688,0.021668589,0.01164361
0.01911037,0.014009909,-0.002591329,0.013365814,0.005832307,0.024479054,0.03135444,0.0053468263,-0.045046713,0.024325524,0.0220729,-0.015975691
-0.021412965,0.028393747,0.020876622,0.045743965,-0.015075058,-0.012100704,-0.017629247,-0.03306289,0.0065171425,-0.024594244,-0.025256855,0.015378582
-0.0066155777,-0.014707912,-0.003842201,-0.030877177,-0.019873993,-0.011510708,0.0012985558,-0.0013577241,0.011740001,-0.014037401,-0.01440361,0.0024173742
-0.040137623,-0.024155876,-0.022801042,-0.04950831,-0.027206767,-0.009567192,-0.006258688,-0.0195445,-0.049548574,-0.030352522,-0.05443048,-0.04698876
0.017999982,0.014159481,0.005471321,0.0028500634,0.012989121,-0.005714864,0.02642557,-0.017473025,0.019639354,0.057941068,0.016880019,0.033121224
-0.026158415,-0.024592126,-0.031985164,-0.02343187,-0.011056749,0.0028241724,0.04079737,0.018495312,0.031822506,-0.009840257,-0.03580687,0.0056938534
0.0024326274,-0.029415824,0.0014142817,0.022681383,0.006408179,-0.054094546,0.005480927,0.0060765506,-0.0028804855,0.0044018836,0.0040146904,0.021069389
0.015451932,0.0092236055,0.008586888,0.013794664,0.0097642355,0.00432953,0.005060021,0.007176181,0.026448414,-0.0036085206,0.0012089872,-0.029562948
0.026088286,-0.022236368,-0.010046791,0.014163951,0.0121701015,0.03167469,0.0213503,-0.037125137,0.016333302,0.03316768,0.011232289,0.027808182
0.0033253215,0.015754916,-0.045575537,-0.0023899435,-0.035704084,0.0011568551,-0.02281432,-0.023162857,0.003430908,0.03088996,0.022868888,0.005355695
-0.018549332,-0.010420182,-0.028295588,-0.015259901,-0.021384059,-0.051364366,-0.038186535,-0.0063489364,0.066121034,0.015483369,0.033355728,-0.020106705
-0.020793486,-0.015929416,-0.049875617,-0.036523696,-0.008081408,0.01668185,-0.020337686,-0.02948489,-0.007857149,-0.0064876596,0.0037335672,-0.009127226
0.055589557,0.05579035,0.05744057,0.021561608,0.024378596,0.030078232,0.02771879,0.022893833,0.053853475,0.034447297,-0.002798596,0.047793027
0.009701289,-0.017138457,-0.020279389,0.006158758,-0.0096426625,0.0025913555,0.04135858,0.041886836,0.053825337,0.0028759397,0.01706954,0.0042010825
-0.016386997,-0.001465338,-0.017067602,0.00923218,0.0005786717,-0.013697164,-0.003931505,-0.024924954,-0.009439833,0.01869521,-0.008471597,0.02136185
0.011302586,0.022024475,0.018354971,0.008100494,-0.011421468,0.025497086,0.0134811895,0.03656019,-0.007589851,0.02029473,-0.010152018,0.006275729
0.025012963,-0.057585213,-0.011115176,-0.0068794633,0.00063705875,-0.006698191,9.707714e-05,0.035241976,-0.0021823458,0.034779996,-0.02233823,-0.0034638369
-0.02894023,-0.027695745,-0.02710112,-0.021537783,-0.06802972,-0.07431637,-0.041529384,-0.054046664,-0.035733495,-0.026948739,-0.019975532,-0.014720545
0.023154523,0.015031984,-0.030578345,-0.039573293,-0.0077102906,-0.019747516,-0.023704933,0.009079517,-0.019808175,-0.059630163,-0.018547805,-0.02683331
-0.0057068127,0.01614131,0.0834534,0.012567678,0.019336512,-0.016415773,-0.019532474,0.03306289,0.013808042,-0.0068587484,0.021820204,0.013209496
-0.004949995,0.032182906,0.012813972,0.028637627,0.015945265,0.020869667,-0.0036448012,-0.0008091699,0.051686954,0.023621734,0.039268788,-0.0013556794
0.035953213,0.017300492,0.022190535,0.06223085,0.031199483,0.001973884,0.015494217,0.035349585,0.02447885,0.0010444876,0.02103685,0.039750345
0.005616228,-0.00375488,0.025999557,-0.0057954267,-0.06838804,-0.015837345,0.012474675,-0.03895449,-0.042036097,-0.045784704,0.01608403,0.013940648
-0.0012762162,0.02529013,0.027658539,0.020298885,-0.008817245,0.01876419,0.0050813714,0.01918132,0.0021682775,0.015790477,-0.023702782,0.021179061
-0.0014456966,0.007360188,-0.03718773,0.016439237,0.045634683,-0.0010144173,-0.019593475,-0.025193978,-0.033173066,-0.01564972,-0.0014561544,0.017620785
-0.034223344,-0.057385784,-0.013842541,-0.047983512,-0.04176994,-0.031235088,-0.039870158,0.005757086,0.024999378,0.034191374,0.007713512,-0.04018904
-0.0040967492,0.029889468,0.01698797,0.024539731,0.021448044,-0.0029109367,0.02271672,0.053347204,-0.05390975,0.017709903,0.042958133,0.018010734
-0.023692185,0.039063215,0.012448996,-0.0054023145,0.037905198,-0.021378683,-0.0028243395,0.02889304,0.038884796,0.018452082,0.03868759,0.041675717
-0.0036730482,0.02497852,0.025176702,0.026803104,-0.031276267,0.03137391,0.0016500732,-0.00020996382,0.024577329,0.056507897,0.016652593,-0.023604052
-0.031044126,0.008737497,-0.039098874,0.012853578,-0.021806365,-0.0067907395,-0.038991746,-0.009113144,0.014813926,-0.029047312,-0.028428176,0.005648156
-0.031114254,0.01090629,-0.029065356,0.00023694689,0.045173984,-0.0304947,-0.012065969,0.0019167869,-0.008300301,-0.015009911,-0.034871895,0.0040182946
-0.0121207675,-0.004244105,0.020796992,-0.028971178,-0.05763842,0.009127587,0.014237599,0.046729244,0.02881189,-0.0014499663,0.036489144,0.015719786
-0.018502578,-0.003081806,0.020770447,-0.016105687,0.0063441936,-0.013072463,-0.0011247033,-0.0040992335,0.01668501,-0.0022745198,-0.028377637,0.028295618
-0.00880129,0.014446161,0.055476338,0.02696988,0.0036631878,-0.06820817,0.008204615,0.005319924,0.0050751413,-0.027870065,-0.024410328,0.020606326
0.011051288,-0.008668942,-0.02895918,-0.012805928,0.014320025,-0.025520224,-0.0121757705,-0.05410047,0.014743584,0.028305134,0.0006198922,-0.05693244
0.00096282375,0.019033035,0.0219251,0.011989922,0.015164638,-0.017919686,0.0037363025,-0.019853877,0.0023986462,-0.0029079302,-0.011630283,-0.008243749
-0.01602466,-0.032681476,-0.07023464,-0.038239095,-0.05989072,-0.032391943,-0.027938392,-0.05493444,-0.13066642,-0.054051034,-0.06772223,-0.058784693
0.032610357,0.011517042,-0.011055453,0.023467608,0.009988186,-0.008283082,0.016860636,0.050630074,0.04327411,0.0031174675,0.004428478,0.024103673
0.027280493,0.013798015,0.051786765,0.023824982,0.026950825,-0.031882927,-0.032403655,0.019275477,0.006991948,0.007345003,-0.02678566,-0.010851528
-0.023107769,-0.010513664,0.0016705943,0.008070713,-0.022574196,-0.010411696,-0.0075580063,-0.009442697,0.04600336,-0.021945436,0.0030544496,-0.036606386
2.4289748e-05,0.006587399,-0.021752564,-0.01965561,-0.016214006,-0.06381213,0.00010141393,-0.014944212,0.022903202,-0.02002601,-0.029514765,-0.017511113
0.013698688,0.015692594,0.022389613,0.022931544,0.021448044,-0.010029933,0.003416048,0.014365813,-0.006939192,-0.019219851,0.0045769364,0.01961927
0.039903857,0.0462676,0.033551242,0.038239095,0.029407881,0.02626061,0.042310193,-0.024427263,-0.009024818,-0.03590606,-0.029944345,0.019728942
0.002147725,-0.025364915,0.04135509,0.00621832,0.061682325,0.026491981,-0.031110438,-0.009920212,-0.00084321905,0.003781269,-0.052712157,-0.0048408415
0.025527248,-0.044273306,-0.029091898,-0.008916499,-0.039364073,-0.0038957095,-0.012919981,0.0018730707,-0.016009731,-0.0009125271,0.016829481,-0.028100643
-0.004201944,0.006468988,-0.016948154,-0.0058311643,-0.017800853,0.032299396,0.028353198,0.016961882,-0.012963943,0.02524685,-0.0064500375,0.003479069
-0.0069662267,-0.022435797,-0.0020770447,0.038763244,0.018069593,-0.017468512,0.006575892,0.083558455,-0.011113961,-0.011484565,-0.03853597,0.009133318
-0.014996089,0.03844,0.041063108,0.007921807,0.048885163,-7.361394e-05,0.037332524,0.019100612,-0.013294549,0.020742595,0.027063625,-0.02059414
-0.042054504,0.018758819,-0.03612598,0.02630278,-0.029023966,0.018856738,0.0014297076,-0.04557245,0.018964076,-0.01902791,0.010834294,0.0007166822
-0.0145051805,-0.024068626,0.0071999794,-0.049984813,-0.03217207,-0.0073171086,-0.034258083,-0.021602524,-0.037787467,-0.044351533,-0.053116467,-0.012179788
0.025433742,0.020927614,0.015899679,0.0068615945,0.02043707,-0.009607681,-0.00858892,0.014190949,0.014476286,0.03805582,0.013999297,0.03677699
-0.0071357074,-0.040758364,-0.03633833,-0.047483187,-0.0115174465,-0.0050149667,0.0054016258,-0.016289325,0.001254717,0.007345003,-0.012280973,-0.03994532
0.017509073,0.011735168,0.013411206,0.03678577,0.05687059,0.012482466,0.004758067,0.009738622,-0.005760971,0.021715105,-0.015237503,0.014696173
-0.012144144,-0.013972516,-0.00068930676,0.0022946435,-0.008849238,-0.036764856,-0.06485611,-0.024467615,-0.0012028401,0.013794274,0.015502832,-0.017462369
-0.009853237,0.0070797405,-0.004834272,0.0032640225,-0.011824578,-0.03033274,-0.048410278,-0.016531445,-0.054669436,-0.052029237,-0.030576084,-0.04267496
0.030553216,-0.0036177724,-0.007598135,0.027684629,0.010628044,-0.010018365,-0.011931768,-0.070268735,-0.04273951,-0.055381835,-0.021554874,-0.028027527
0.010425963,0.0217004,-0.06694322,-0.02352717,-0.007953437,-0.013604616,-0.043896217,0.0010861792,-0.01676942,-0.0033078105,-0.042427473,-0.013258239
7.857642e-05,-0.011261524,0.0031421108,-0.011852928,0.020897767,0.022153774,0.033013664,0.015334295,0.023705095,-0.016954929,-0.0076882425,-0.004572752
0.012144144,-0.008587925,0.01311259,0.025016231,0.02259979,0.015976168,0.026083967,0.040918354,0.034664307,-0.014101382,-0.0020499874,0.031293344
-0.030903865,-0.02871782,-0.014439775,0.046315763,-0.013104294,-0.019816928,-0.042798202,-0.049338765,-0.0038793352,-0.047089916,-0.02734159,0.021593383
-0.0050405795,-0.010364092,-0.01107536,0.0037554128,-0.0019387702,0.0048154094,-0.025107952,-0.043769997,0.00310382,-0.01651986,-0.038283277,-0.016731216
0.005893825,-0.0055466276,-0.023491178,0.008654425,0.017033024,-0.009937385,-0.022619117,0.037716985,-0.010825561,-0.0010052993,0.0116618695,-0.049279705
-0.028823348,-0.011111951,-0.021818925,-0.02108511,0.033938076,0.025913553,0.05187513,0.020472629,-0.0065487963,0.0068395543,0.034897167,0.013392284
0.0046548657,-0.015754916,-0.005932518,-0.02701753,0.0037111773,-0.010770321,-0.02642557,-0.01267097,-0.018499821,0.0071658567,-0.052105688,-0.0031104463
-0.013289597,0.021413721,0.012223375,0.0068556387,-0.00356401,0.013037757,-0.016836237,0.04866621,-0.016896036,0.0017994618,0.025357934,-0.007025161
0.010244795,0.035697848,-0.007956475,-0.015271814,0.0034648317,0.0149928415,-0.012163571,0.023162857,0.03286356,-0.008131968,0.018737327,-0.015512628
0.008988303,-0.017948639,0.022947032,0.01386614,-0.038237922,-0.005269475,-0.0034770488,0.0125028305,0.019287648,0.01996203,0.027670091,0.012246811
-0.022161016,0.017649494,-0.0011131766,0.030591277,-0.020769795,-0.021945542,-0.037283722,-0.04845099,-0.0137377,0.00875898,-0.013430734,0.045697056
-0.007439603,-0.011062095,-0.004124228,-0.01884556,0.029791795,0.006559368,-0.0114193605,0.017432673,-0.01527818,0.0011052694,0.008989621,0.043284252
0.0017795437,0.0070797405,0.023955692,0.04729259,0.0016684302,0.0089424895,0.022875322,0.007922719,-0.039728895,-0.0030598848,-0.012514715,0.036021467
0.01773115,-0.014857483,0.012376001,-0.029304728,0.015663728,-0.021656327,-0.023643931,0.015172881,0.024056803,0.006583631,0.05362186,0.00137015
0.012915571,0.0042628013,0.015753688,0.016975299,0.020603431,-0.00066699926,-0.012736979,0.006224513,0.031231638,0.02390325,0.009975132,0.0046093096
-0.007369473,-0.0066995784,-0.037373535,0.012055441,-0.03526898,-0.028805692,-0.03689332,-0.014312008,-0.010635639,0.0090277,-0.014011933,-0.037386283
0.02241816,-0.0037860407,-0.0047645946,0.008553169,0.006197026,0.010301795,-0.014786608,0.019450342,0.05132118,-0.009085283,-0.003033918,0.0037319262
-0.014586998,0.0065936316,0.01175886,-0.03673812,0.007678298,0.027093546,0.011169257,0.017688245,-0.022213854,-0.024453485,0.038561244,0.0014645907
-0.0002072847,-0.011934598,-0.0005155285,-0.0021219123,0.01497268,0.054325916,0.022436114,0.016827371,0.05106795,0.039437804,0.043412983,0.0028454033
-0.010893496,-0.010133502,-0.0023872743,0.014735751,0.025069643,0.016566165,0.0038888047,0.021441111,0.027672358,-0.006369295,-0.0071323137,0.019241506
0.027677894,0.037791856,-0.0067653265,0.021108935,0.033170246,0.05613061,0.04828828,0.042559393,0.016558396,0.035061512,0.025193682,0.014391526
0.01034999,0.005443797,-0.0035933538,0.016594099,0.020040357,0.016300088,0.0015783971,-0.02226163,-0.014420013,0.018298527,-0.019293256,-0.02047228
0.0044620084,-0.0045899902,0.033153083,-0.022514608,0.027053202,0.010793458,0.01070565,-0.00045565722,0.0055499463,-0.020985723,-0.010297317,0.005885781
-0.034433734,0.0050854473,0.006513161,-0.007457219,0.008734063,-0.01285266,-0.017592646,-0.033197403,-0.01212688,-0.026539262,-0.030373927,-0.014549943
0.01471557,0.021064721,-0.022694865,0.003543966,-0.018415118,-0.01197345,-0.025888763,0.04358168,-0.026307732,-0.008055191,-0.0063742287,0.006824094
-0.019905174,-0.010775415,-0.022774497,-0.00989928,-0.011747795,-0.009075528,-0.01276138,-0.014755896,0.019217305,-0.0046290155,0.016020857,0.016682472
0.005887981,-0.018796213,-0.0015652489,0.028399378,-0.0194005,-0.004786488,0.027523587,0.0056763794,0.046031497,-0.014843561,-0.026330808,-0.007865987
-0.017777905,0.002288763,0.03209134,0.030353026,-0.01272038,0.01835929,0.018422259,-0.018360801,-0.017894885,-0.031273846,-0.04553562,-0.013319168
0.032072697,0.0050262418,0.026357897,0.020418009,0.031557802,-0.0062643704,-0.0067954953,0.0450344,0.012323836,-0.033986636,-0.032496564,-0.008980995
-0.011174015,-0.07368913,-0.0055045006,-0.013377727,-0.015100652,-0.03384958,-0.019215269,0.06542633,0.03244151,-0.004385888,-0.0049496614,-0.02142278
-0.010969469,0.0037081386,-0.027366558,-0.0072427946,0.027590683,0.014784608,0.013895995,0.00432454,0.032807287,-0.0053168098,0.042200048,0.009395314
0.03635061,0.025826095,0.028215956,0.01932206,0.0045717866,0.012956777,0.051631127,0.01869708,0.010178419,0.033116493,0.023879668,-0.0059924074
-0.014435051,-0.00750976,-0.01884603,0.019357797,-0.00021475239,0.00021456047,-0.019398272,-0.03126044,-0.021721464,0.008784573,-0.013658159,-0.020131076
0.028776595,0.047040388,0.034082115,0.041622244,-0.0068272864,-0.019099677,0.018410059,-0.021884998,0.039953988,0.027844472,0.025673803,0.02121562
0.01944933,0.0014178178,-0.008274999,-0.0043986873,0.0025834274,0.02403945,-0.025864363,-0.02746722,0.021313483,0.0317601,0.0031729003,0.013306983
0.02510647,0.025601737,0.059670243,0.012496203,0.05042082,0.012077567,-0.0014510578,0.004825595,-0.054866392,0.023544958,-0.0020626222,0.0030662725
0.01244804,-0.0056120655,-0.0018895798,0.009077318,-0.053748082,0.0247567,0.019849679,-0.025664767,0.021960625,0.05379511,0.033861116,0.0010517939
-0.082051866,-0.029490609,-0.031878985,-0.02219297,-0.04082295,-0.051919658,-0.06793056,-0.033251207,-0.029430896,-0.03623876,-0.061101627,-0.03109837
0.00058112765,-0.01113688,-0.00044294805,0.015807875,0.004091893,-0.0169942,-0.013944795,-0.0004283346,-0.024957174,0.012975319,-0.024132363,0.012868291
0.017824657,-0.028318962,0.076817475,0.002625215,0.010698428,0.003505271,-0.002488835,0.016383484,-0.01307649,0.0059918077,0.010328904,0.009224712
-0.0012141222,0.0307869,0.008726242,-0.003737544,-0.004907712,-0.018474976,-0.02427834,0.02760173,0.0371966,0.0074409745,0.0155281015,0.010035073
-0.016001282,-0.0068865432,-0.016934883,-0.004857318,-0.002295491,0.026954724,0.03281846,0.059131194,0.0014894819,0.02280278,-0.0051612933,0.0046336814
-0.0026707766,-0.03223276,-0.010916098,0.015200338,0.004834128,0.015791072,-0.0027526636,0.03456942,-0.013013182,0.018528858,0.018421458,0.015366397
-0.0061363573,-0.015156628,0.017187048,0.011578941,0.006744105,0.028782554,-0.01778785,-0.007828561,0.010178419,-0.012476268,0.0018399347,0.02272667
-0.014423362,0.04404895,-0.03936431,0.013222865,0.061887078,0.042826775,0.05768241,-0.012106022,0.034017164,-0.043404616,-0.003157107,0.0011629901
0.018864917,0.02874275,-0.017890455,0.0022976217,-0.042691335,-0.023218082,-0.0056120786,0.046433322,-0.057342414,-0.011855654,-0.024410328,-0.00026332928
0.019858422,-0.04365009,-0.03254258,0.02701753,0.014550374,-0.041716196,0.006472191,0.011211522,0.048732612,0.025374811,0.020720981,0.04369857
-0.023458418,0.033703554,0.027738169,0.021644996,-0.0008034219,0.009694446,0.0017552996,-0.03230963,-0.023043884,0.005336004,-0.0062794685,0.0053800666
0.028215555,-0.0010353186,0.032224055,0.017404148,0.027693061,0.014009515,0.03357487,0.008104309,0.019667491,-0.027972434,0.011453397,-0.012216346
0.11613495,0.06541281,0.069809936,0.09139263,0.08947776,0.021829855,0.11692644,0.07613343,0.088236414,0.060807414,0.070097566,0.099778
0.033241525,-0.023283372,-0.0009207347,0.039859194,0.01113993,-0.019782223,0.04394502,0.0039008295,0.0024461267,0.0067371847,-0.011958786,-0.0035369522
0.021366213,0.04272773,0.01670926,-0.0058460548,0.024007477,-0.011643747,-0.015042811,0.031152831,-0.0400384,-0.023084296,0.02284362,-0.005267347
0.015136349,0.0152563425,0.008965136,0.0064565702,0.03450115,0.042016976,0.019605676,-0.03104522,-0.008729383,0.011164661,0.025496915,0.048865385
0.014692193,-0.030113826,0.026344625,0.023038758,0.0019451687,-0.016323226,0.05353435,0.0027019968,-0.0072944164,0.0035029522,0.011819804,-0.03355992
-0.0074863564,-0.0057990304,-0.042841535,-0.0044761184,-0.023597969,-0.028481772,-0.018690662,-0.018885395,-0.005236927,-0.022610838,-0.030980395,0.005550669
0.051054496,-0.03018861,0.006158139,-0.0026073465,0.020731404,-0.052104753,-0.03621011,-0.036775406,-0.034298528,-0.016430285,0.021681223,0.00087281375
0.03368568,0.058731932,0.01068384,0.028423203,0.047835793,0.009376311,0.009741837,-0.004415335,-0.031541143,0.008067987,-0.042857055,-0.0089322515
0.025457118,-0.01855939,0.015687328,-0.02195472,-0.0022075106,-0.0066519165,-0.030451627,-0.04083765,-0.014033135,0.000351095,0.0071133617,-0.012831734
0.026368804,0.0065998635,0.027154207,0.04035952,0.0006982452,0.030957442,0.011199757,-0.001250115,0.017824544,0.0571733,-0.003474555,-0.005291719
0.027818155,-0.025676524,0.03397594,0.03457005,0.014627157,0.007166717,0.018153856,0.06537252,-0.0037878912,0.04650129,-0.0069617447,0.03887296
-0.0015486998,-0.04215437,0.01949635,0.0037196754,0.0014692743,0.037320144,-0.010583648,0.018051425,0.029655987,0.068178006,0.034745548,0.015719786
0.0071590836,0.017873852,0.0061979545,0.024754155,-0.021192102,-0.026168061,-0.032940462,-0.0070147673,-0.048057333,0.022994723,0.0027180496,-0.05985705
-0.021097383,0.00085146964,-0.0063373093,0.008434043,-0.032376822,0.008664845,0.018361257,-0.00014859301,0.026378073,0.014856356,0.047658257,-0.023116617
0.0029615231,0.007329027,0.021858739,-0.015521975,-0.02215189,-0.01731812,0.002636762,0.008326253,-0.02591382,-0.03373071,-0.016387265,-0.020837858
0.007048045,0.0154807,-0.030631432,-0.0013870606,0.031916123,0.0009789886,0.005273524,0.028812334,-0.03511449,0.040307943,0.028832488,-0.007402923
-0.06741811,0.003938729,-0.018301884,-0.010971404,-0.017160995,0.023877488,-0.01564062,0.0120522175,0.028024064,0.009910636,0.024246076,-0.029489834
-0.044859696,-0.0076717963,0.024168042,-0.043885615,-0.014358417,-0.014345003,-0.050264705,-0.024602128,-0.011177269,-0.0063756933,0.011908247,-0.039019194
0.011255833,-0.0024523572,-0.051415153,0.024492081,-0.07345571,-0.0068717194,-0.027596787,-0.023216661,0.030809589,-0.057326853,-0.017398044,0.032292586
